attage,sex,smoker,exposure,actual_dths,expected_dths,actual_mort,expected_mort
48,F,N,103.7392,0,0.21587,0,0.002080891
48,F,S,26.8865,0,0.11311,0,0.004206944
48,F,U,17.4801,0,0.04479,0,0.002562342
48,M,N,215.873,0,0.55194,0,0.002556781
48,M,S,26.2061,0,0.13158,0,0.005020968
48,M,U,53.2188,0,0.17141,0,0.003220854
48,U,N,8.6147,0,0.02274,0,0.002639674
49,F,N,381.3701,1,0.83859,0.002622125,0.002198888
49,F,S,74.0778,0,0.32816,0,0.004429937
49,F,U,149.2849,0,0.39097,0,0.002618952
49,M,N,484.1304,0,1.25975,0,0.002602088
49,M,S,112.7738,0,0.63479,0,0.005628878
49,M,U,112.0944,0,0.36456,0,0.003252259
49,U,N,7.4752,0,0.01579,0,0.002112318
49,U,S,3.5394,0,0.01985,0,0.005608295
49,U,U,3.6547,0,0.01131,0,0.003094645
50,F,N,793.7525,1,1.672,0.001259839,0.00210645
50,F,S,124.0918,1,0.55043,0.00805855,0.004435668
50,F,U,251.5114,0,0.68843,0,0.002737172
50,M,N,1179.5952,3,3.0894,0.002543245,0.002619034
50,M,S,228.5581,0,1.22061,0,0.00534048
50,M,U,450.781,1,1.4981,0.002218372,0.003323343
50,U,N,38.0602,1,0.09537,0.026274166,0.002505767
50,U,S,5.4219,0,0.02766,0,0.005101533
50,U,U,8.5035,0,0.02767,0,0.003253954
51,F,N,1364.221,2,3.06915,0.001466038,0.002249745
51,F,S,266.2321,0,1.21544,0,0.00456534
51,F,U,515.7955,1,1.47453,0.001938753,0.002858749
51,M,N,1932.4701,5,5.14704,0.002587362,0.002663451
51,M,S,400.6871,2,2.19851,0.004991426,0.00548685
51,M,U,766.2708,3,2.6445,0.003915065,0.00345113
51,U,N,62.8842,0,0.16354,0,0.002600653
51,U,S,15.619,0,0.0849,0,0.005435687
51,U,U,16.2945,0,0.05531,0,0.003394397
52,F,N,2177.4269,3,5.08903,0.001377773,0.002337176
52,F,S,361.996,1,1.74356,0.002762461,0.004816517
52,F,U,669.964,1,2.03921,0.001492618,0.003043761
52,M,N,3263.5497,14,9.22865,0.004289808,0.002827795
52,M,S,581.2036,2,3.39826,0.003441135,0.005846936
52,M,U,1205.9242,7,4.3672,0.005804677,0.003621455
52,U,N,74.0559,0,0.19918,0,0.00268959
52,U,S,12.4573,0,0.0562,0,0.004511411
52,U,U,18.6381,0,0.06581,0,0.003530939
53,F,N,2687.8776,6,6.67376,0.002232245,0.002482911
53,F,S,516.2964,1,2.73868,0.001936872,0.005304472
53,F,U,958.5569,3,3.06599,0.003129705,0.003198548
53,M,N,4055.5681,9,12.03707,0.002219171,0.002968035
53,M,S,748.9581,6,4.62853,0.008011129,0.006179959
53,M,U,1567.3748,5,6.06175,0.003190047,0.003867454
53,U,N,130.8414,0,0.34964,0,0.002672243
53,U,S,15.8007,0,0.08778,0,0.00555545
53,U,U,52.2751,0,0.18964,0,0.003627731
54,F,N,3165.9154,7,8.48211,0.002211051,0.002679197
54,F,S,522.9996,3,2.91182,0.005736142,0.005567538
54,F,U,1307.129,6,4.55874,0.004590213,0.003487598
54,M,N,4646.7924,13,14.72001,0.002797629,0.003167779
54,M,S,855.8809,5,5.66618,0.005841934,0.00662029
54,M,U,1658.6926,9,6.87326,0.00542596,0.004143782
54,U,N,125.822,0,0.38259,0,0.003040724
54,U,S,18.4032,1,0.11564,0.054338376,0.00628369
54,U,U,42.2447,0,0.16231,0,0.003842139
55,F,N,3537.7043,5,10.11047,0.001413346,0.002857918
55,F,S,641.5186,1,3.73308,0.001558801,0.00581913
55,F,U,1330.6319,4,4.99937,0.003006091,0.00375714
55,M,N,4976.6859,22,16.81983,0.004420613,0.003379725
55,M,S,1005.6989,4,7.22168,0.003977334,0.007180758
55,M,U,1986.6459,5,9.01689,0.002516805,0.00453875
55,U,N,172.9372,0,0.55661,0,0.003218567
55,U,S,21.1266,0,0.16314,0,0.007722019
55,U,U,54.0402,1,0.22183,0.018504743,0.004104907
56,F,N,3705.451,3,11.61074,0.000809618,0.003133422
56,F,S,678.9068,1,4.46695,0.001472956,0.006579622
56,F,U,1602.4428,6,6.53382,0.003744283,0.004077412
56,M,N,5396.1121,15,19.91185,0.002779779,0.003690036
56,M,S,1043.3404,9,8.41099,0.00862614,0.008061597
56,M,U,2220.9823,8,11.06821,0.00360201,0.004983475
56,U,N,207.277,2,0.71805,0.009648924,0.003464205
56,U,S,27.437,0,0.20606,0,0.007510296
56,U,U,67.0148,0,0.34329,0,0.0051226
57,F,N,3652.2797,6,12.50622,0.00164281,0.003424223
57,F,S,684.4577,3,5.01578,0.004383032,0.007328108
57,F,U,1528.3686,7,7.05793,0.004580047,0.00461795
57,M,N,5444.3943,17,22.12941,0.003122478,0.004064623
57,M,S,1163.8945,9,10.21907,0.00773266,0.008780066
57,M,U,2460.2506,8,13.76357,0.003251701,0.005594377
57,U,N,128.0616,0,0.495,0,0.003865327
57,U,S,21.0695,0,0.17071,0,0.008102233
57,U,U,70.203,1,0.36198,0.014244406,0.00515619
58,F,N,3566.1965,5,13.33272,0.001402054,0.003738639
58,F,S,713.964,2,5.66658,0.002801262,0.007936787
58,F,U,1637.577,5,8.35777,0.003053292,0.005103742
58,M,N,5262.6688,17,23.64328,0.0032303,0.004492641
58,M,S,1118.4009,5,10.74863,0.004470669,0.009610713
58,M,U,2461.4776,13,14.98171,0.005281381,0.00608647
58,U,N,168.3636,1,0.73323,0.005939526,0.004355039
58,U,S,32.6024,0,0.29292,0,0.008984615
58,U,U,85.2573,0,0.46999,0,0.005512607
59,F,N,3352.6328,10,13.70178,0.00298273,0.004086872
59,F,S,703.4579,2,5.99154,0.002843098,0.008517269
59,F,U,1715.9867,5,9.64349,0.002913775,0.005619793
59,M,N,5357.9059,20,26.5005,0.003732802,0.004946056
59,M,S,1108.2115,6,11.72277,0.005414129,0.010578098
59,M,U,2754.7656,19,18.54094,0.006897139,0.006730496
59,U,N,170.0003,1,0.77504,0.005882343,0.004559051
59,U,S,23.4495,0,0.22832,0,0.009736668
59,U,U,70.3441,0,0.46262,0,0.006576529
60,F,N,3253.1554,6,14.64432,0.001844363,0.004501574
60,F,S,674.7633,2,6.45898,0.002964002,0.009572216
60,F,U,1644.8645,9,9.82886,0.005471575,0.005975483
60,M,N,5361.1179,25,29.55207,0.004663207,0.005512296
60,M,S,1161.9109,8,13.43693,0.00688521,0.01156451
60,M,U,2799.1966,18,20.87137,0.006430416,0.0074562
60,U,N,126.3406,0,0.65055,0,0.005149176
60,U,S,25.5472,0,0.27279,0,0.010677883
60,U,U,71.5334,0,0.48447,0,0.00677264
61,F,N,3311.3937,5,15.80167,0.001509938,0.004771909
61,F,S,671.3064,5,6.99846,0.007448164,0.010425135
61,F,U,1699.9766,8,11.07926,0.004705947,0.006517301
61,M,N,5126.0338,15,30.68065,0.002926239,0.005985261
61,M,S,1122.7043,10,14.09352,0.008907065,0.01255319
61,M,U,2989.0265,19,24.9649,0.006356585,0.008352184
61,U,N,129.4879,0,0.73744,0,0.005695049
61,U,S,28.2976,0,0.32238,0,0.011392486
61,U,U,89.0732,1,0.65217,0.011226721,0.007321731
62,F,N,2893.4677,9,15.2744,0.003110455,0.005278925
62,F,S,745.8276,3,8.44739,0.004022377,0.011326197
62,F,U,1706.9854,9,12.25364,0.005272453,0.007178527
62,M,N,5122.0177,22,33.70061,0.004295182,0.006579558
62,M,S,1146.7921,11,15.78365,0.009591974,0.013763305
62,M,U,3049.0251,27,27.59371,0.00885529,0.009050011
62,U,N,160.3588,0,0.95578,0,0.005960259
62,U,S,34.663,0,0.47827,0,0.013797709
62,U,U,83.0378,0,0.70999,0,0.008550202
63,F,N,2816.1322,9,16.05177,0.003195873,0.005699935
63,F,S,665.3791,6,7.98414,0.009017416,0.011999385
63,F,U,1809.4303,8,14.07255,0.004421281,0.007777337
63,M,N,4811.6695,20,35.48048,0.004156561,0.00737384
63,M,S,1189.5348,10,17.6886,0.008406648,0.014870183
63,M,U,3062.3275,19,30.83487,0.006204431,0.010069096
63,U,N,123.3944,2,0.84524,0.016208191,0.006849906
63,U,S,33.6281,1,0.48168,0.029737035,0.014323735
63,U,U,153.0783,0,1.32522,0,0.008657138
64,F,N,2671.0601,7,16.57881,0.002620682,0.006206828
64,F,S,600.6059,2,8.01367,0.003329971,0.013342643
64,F,U,1657.7457,10,13.74955,0.006032288,0.008294125
64,M,N,4540.8211,22,36.53596,0.004844939,0.008046113
64,M,S,1159.5203,13,19.07952,0.011211533,0.016454667
64,M,U,3226.7535,29,35.42603,0.008987361,0.010978846
64,U,N,108.7975,1,0.76152,0.009191388,0.006999426
64,U,S,32.8084,0,0.50817,0,0.015489021
64,U,U,76.8907,1,0.78947,0.013005474,0.010267432
65,F,N,2588.5595,14,17.6913,0.005408413,0.006834419
65,F,S,594.3917,3,8.48449,0.005047177,0.01427424
65,F,U,1545.4925,11,13.88795,0.007117472,0.0089861
65,M,N,4321.768,28,38.844,0.00647883,0.008987988
65,M,S,1161.4394,16,21.16197,0.013776009,0.018220468
65,M,U,3224.1561,35,40.0327,0.010855554,0.012416489
65,U,N,106.5711,1,0.83576,0.009383407,0.007842276
65,U,S,17.0829,0,0.29103,0,0.017036335
65,U,U,97.3928,0,1.04506,0,0.010730362
66,F,N,2237.3984,18,16.13855,0.008045058,0.007213087
66,F,S,524.9337,3,8.30988,0.005715007,0.015830342
66,F,U,1470.5337,11,14.33095,0.007480277,0.009745407
66,M,N,4115.9581,32,40.68937,0.007774618,0.009885759
66,M,S,1124.6154,18,22.03972,0.016005472,0.019597562
66,M,U,3398.7909,30,45.95393,0.008826668,0.01352067
66,U,N,136.9926,3,1.22074,0.021898993,0.008910992
66,U,S,24.2689,1,0.44384,0.041204999,0.018288427
66,U,U,105.5449,1,1.32358,0.009474641,0.012540445
67,F,N,2135.0513,9,17.09988,0.004215355,0.008009119
67,F,S,582.2127,10,9.54588,0.017175853,0.016395864
67,F,U,1623.1895,8,17.19557,0.004928568,0.010593692
67,M,N,3889.7957,27,42.46889,0.006941239,0.010918026
67,M,S,1006.7654,12,21.95354,0.011919361,0.021806014
67,M,U,3173.5803,39,47.90143,0.01228896,0.015093814
67,U,N,101.0146,0,1.05731,0,0.010466903
67,U,S,24.7238,0,0.46549,0,0.018827607
67,U,U,79.3395,1,1.10087,0.012604062,0.013875434
68,F,N,1959.2945,10,16.8106,0.005103878,0.008579925
68,F,S,541.7726,6,9.74697,0.011074757,0.017990888
68,F,U,1446.4672,14,16.67639,0.009678754,0.011529048
68,M,N,3564.7811,33,43.07697,0.00925723,0.012084044
68,M,S,1057.9867,18,24.8989,0.017013446,0.023534228
68,M,U,3269.8765,50,54.93816,0.015291097,0.016801295
68,U,N,107.3533,1,1.10928,0.009315037,0.010332985
68,U,S,25.5108,0,0.69915,0,0.02740604
68,U,U,80.1571,2,1.16742,0.024951002,0.01456415
69,F,N,1880.4523,7,17.61162,0.003722509,0.00936563
69,F,S,509.6333,8,9.95258,0.015697561,0.019528904
69,F,U,1514.7483,12,19.13591,0.007922108,0.012633063
69,M,N,3324.2683,41,43.81,0.012333541,0.01317884
69,M,S,980.5786,15,25.45905,0.015297091,0.025963294
69,M,U,3208.9873,33,57.78265,0.010283618,0.018006506
69,U,N,89.575,1,1.14542,0.011163829,0.012787273
69,U,S,30.1104,0,0.73664,0,0.024464637
69,U,U,100.9885,0,1.74816,0,0.017310486
70,F,N,1701.246,8,17.65307,0.004702436,0.010376553
70,F,S,467.2984,4,9.73048,0.008559841,0.02082284
70,F,U,1459.5343,15,20.02709,0.010277251,0.013721562
70,M,N,3179.7081,29,45.80164,0.009120334,0.014404354
70,M,S,869.0806,17,23.89944,0.019560901,0.027499682
70,M,U,3228.2689,55,64.03674,0.017036995,0.019836247
70,U,N,95.771,0,1.21552,0,0.012691942
70,U,S,24.1719,1,0.61341,0.041370352,0.025376987
70,U,U,97.3437,0,1.80057,0,0.018497037
71,F,N,1634.5451,16,18.9233,0.009788656,0.011577105
71,F,S,421.0978,6,9.7541,0.014248471,0.023163503
71,F,U,1426.5321,15,21.36977,0.01051501,0.014980224
71,M,N,2815.9124,28,45.84873,0.009943491,0.016282016
71,M,S,895.0863,22,27.27229,0.024578636,0.030468894
71,M,U,3214.9431,48,69.7818,0.01493028,0.021705454
71,U,N,63.5867,0,0.84818,0,0.013338953
71,U,S,32.0008,0,0.94474,0,0.029522387
71,U,U,99.4693,2,2.05406,0.020106706,0.020650191
72,F,N,1490.1631,11,18.09006,0.007381742,0.012139651
72,F,S,405.287,8,10.33278,0.019739098,0.02549497
72,F,U,1436.8163,19,23.32122,0.013223681,0.016231177
72,M,N,2739.0853,33,49.68802,0.012047818,0.01814037
72,M,S,824.6588,28,26.98056,0.033953436,0.03271724
72,M,U,3307.8268,48,78.74658,0.014511038,0.023806138
72,U,N,70.3156,0,1.10152,0,0.015665372
72,U,S,21.4022,1,0.60774,0.046724169,0.028396146
72,U,U,108.9945,1,2.34303,0.009174775,0.021496773
73,F,N,1405.8184,20,19.35105,0.014226589,0.013764971
73,F,S,398.804,6,10.50672,0.015044985,0.026345573
73,F,U,1369.8865,20,24.78992,0.01459975,0.018096331
73,M,N,2564.238,29,51.6521,0.011309403,0.020143255
73,M,S,829.4708,28,29.60753,0.033756463,0.035694481
73,M,U,3345.5396,68,86.88324,0.02032557,0.025969873
73,U,N,68.3383,0,1.18895,0,0.017398004
73,U,S,23.3637,0,0.87111,0,0.037284762
73,U,U,74.3696,3,1.74686,0.040339063,0.023488899
74,F,N,1302.2236,12,19.36738,0.009215007,0.014872546
74,F,S,421.0398,7,12.7319,0.016625507,0.030239184
74,F,U,1303.4601,26,25.52567,0.019946909,0.019583008
74,M,N,2406.6607,30,54.16971,0.012465405,0.022508246
74,M,S,794.3553,19,31.48748,0.023918768,0.039639038
74,M,U,3182.7477,68,91.56796,0.021365187,0.028770097
74,U,N,61.0501,3,1.28074,0.049139969,0.020978508
74,U,S,21.2976,1,0.76682,0.046953647,0.036004996
74,U,U,71.4477,3,1.89992,0.041988755,0.026591759
75,F,N,1219.9549,8,20.46155,0.006557619,0.016772382
75,F,S,374.7689,11,11.66188,0.029351422,0.031117523
75,F,U,1330.1709,18,28.1169,0.013532096,0.02113781
75,M,N,2199.5894,47,55.40459,0.021367624,0.025188606
75,M,S,853.1007,22,36.92987,0.02578828,0.043288993
75,M,U,3135.6164,72,100.03958,0.022961992,0.031904279
75,U,N,53.6791,0,1.17465,0,0.021882818
75,U,S,25.5687,1,1.00715,0.039110318,0.039389957
75,U,U,66.0664,3,1.89785,0.045408861,0.028726403
76,F,N,1176.1407,15,21.4064,0.012753576,0.018200544
76,F,S,384.1991,13,13.34121,0.033836623,0.03472473
76,F,U,1421.6242,29,33.20154,0.020399203,0.023354653
76,M,N,2140.0672,22,60.05312,0.010280051,0.028061324
76,M,S,719.6233,25,33.84856,0.034740398,0.047036498
76,M,U,3194.0657,86,112.30312,0.026924931,0.035159928
76,U,N,68.986,1,1.57354,0.014495695,0.022809556
76,U,S,21.5926,0,0.99256,0,0.0459676
76,U,U,81.4138,2,2.82175,0.02456586,0.034659358
77,F,N,1146.4919,15,22.89467,0.013083389,0.019969326
77,F,S,350.8225,4,13.73082,0.011401777,0.039138938
77,F,U,1495.7418,25,38.7933,0.016714115,0.025935827
77,M,N,2121.2706,47,66.16445,0.022156532,0.031190952
77,M,S,728.2078,25,37.40129,0.03433086,0.051360738
77,M,U,3289.7001,109,127.08703,0.033133719,0.038631798
77,U,N,47.6074,1,1.2893,0.021005138,0.027081924
77,U,S,17.2108,0,0.82139,0,0.047725266
77,U,U,101.5205,3,3.52827,0.029550682,0.034754261
78,F,N,1035.2929,13,23.41424,0.012556833,0.022616054
78,F,S,369.8084,14,15.3495,0.037857442,0.041506629
78,F,U,1473.1787,43,41.73153,0.029188584,0.028327541
78,M,N,1875.5699,47,64.75471,0.02505905,0.034525351
78,M,S,784.7526,35,44.38532,0.044600043,0.056559634
78,M,U,3418.6786,104,148.21631,0.030421111,0.043354854
78,U,N,42.6704,1,1.19733,0.023435449,0.028059967
78,U,S,19.075,0,0.95673,0,0.050156225
78,U,U,84.3053,3,3.45496,0.035584951,0.040981528
79,F,N,983.24,17,24.44026,0.017289777,0.024856861
79,F,S,336.3375,12,15.48876,0.035678448,0.046051243
79,F,U,1539.7943,46,47.39581,0.02987412,0.030780611
79,M,N,1732.1083,51,66.76279,0.029443886,0.038544235
79,M,S,699.2109,42,42.63331,0.060067713,0.060973463
79,M,U,3398.2468,119,162.21748,0.035018057,0.047735638
79,U,N,59.4826,3,2.10629,0.050434917,0.035410187
79,U,S,17.0355,0,0.78166,0,0.045884183
79,U,U,115.7693,4,4.79222,0.034551474,0.041394567
80,F,N,934.7897,16,25.47302,0.017116149,0.027250001
80,F,S,295.3402,12,14.14286,0.040631109,0.047886674
80,F,U,1550.4836,38,52.44495,0.024508482,0.033824898
80,M,N,1616.9106,47,69.95521,0.029067779,0.043264736
80,M,S,770.9552,31,50.59998,0.040209859,0.065632841
80,M,U,3162.3663,149,167.42717,0.047116616,0.052943636
80,U,N,49.2695,1,1.88428,0.020296532,0.03824435
80,U,S,15.6769,0,0.92398,0,0.058938948
80,U,U,91.7006,2,4.3041,0.021810108,0.046936443
81,F,N,828.95,15,24.98915,0.018095181,0.030145546
81,F,S,302.0185,18,16.27618,0.059598998,0.053891334
81,F,U,1557.9442,54,58.68583,0.034661062,0.037668762
81,M,N,1483.5569,48,72.80652,0.032354674,0.049075651
81,M,S,755.4229,38,54.92459,0.05030295,0.072707076
81,M,U,3275.053,156,191.93998,0.047632817,0.058606679
81,U,N,50.4933,1,2.01028,0.019804608,0.039812807
81,U,S,25.535,1,1.87505,0.039161935,0.073430585
81,U,U,72.0873,2,3.7993,0.027744138,0.052704152
82,F,N,837.5939,20,28.09858,0.02387792,0.033546782
82,F,S,300.3632,17,17.84882,0.056598145,0.059424124
82,F,U,1327.0298,54,55.47597,0.040692379,0.041804615
82,M,N,1357.4202,53,74.32267,0.039044652,0.054752883
82,M,S,641.0458,34,52.2445,0.053038332,0.081498857
82,M,U,3171.707,162,204.61564,0.051076597,0.064512781
82,U,N,34.68,2,1.6215,0.057670127,0.046756055
82,U,S,25.431,0,2.01462,0,0.079219063
82,U,U,116.6385,5,6.83908,0.042867492,0.058634842
83,F,N,761.6293,20,28.50098,0.026259494,0.037421066
83,F,S,283.8167,16,17.68723,0.056374413,0.062319201
83,F,U,1460.5928,63,66.28068,0.043133172,0.045379301
83,M,N,1140.8344,44,69.41293,0.038568262,0.060844002
83,M,S,717.2597,37,63.48235,0.051585221,0.088506785
83,M,U,3123.247,157,222.39143,0.050268198,0.071205201
83,U,N,36.059,2,1.95042,0.055464655,0.054089686
83,U,S,16.0157,1,1.16269,0.062438732,0.072596889
83,U,U,85.9095,3,5.5748,0.034920469,0.064891543
84,F,N,661.2237,23,27.34902,0.034783992,0.041361222
84,F,S,273.5946,14,18.93955,0.051170601,0.069224868
84,F,U,1291.0866,64,65.7337,0.049570648,0.050913471
84,M,N,1035.6517,51,69.35286,0.049244355,0.066965429
84,M,S,583.78,34,55.91133,0.058241118,0.095774658
84,M,U,2980.1379,185,233.17637,0.062077664,0.078243483
84,U,N,21.466,0,1.18933,0,0.055405292
84,U,S,22.5795,1,1.97936,0.04428796,0.087661817
84,U,U,93.7511,8,6.44023,0.085332332,0.068694981
85,F,N,586.4175,27,26.56832,0.046042282,0.045306151
85,F,S,258.4936,17,18.96878,0.065765651,0.07338201
85,F,U,1180.761,67,64.67786,0.056743067,0.05477642
85,M,N,891.6738,48,65.46394,0.053831345,0.073416915
85,M,S,612.9244,42,63.72218,0.068523948,0.103964176
85,M,U,2634.7849,179,227.18492,0.067937235,0.086225225
85,U,N,24.5805,0,1.35747,0,0.055225484
85,U,S,13.6809,0,1.18583,0,0.086677777
85,U,U,82.8082,2,6.65158,0.024152197,0.080325137
86,F,N,541.9329,21,26.8668,0.038750185,0.049575879
86,F,S,237.8849,15,19.39207,0.063055705,0.081518709
86,F,U,1370.0969,81,82.92844,0.059119906,0.060527427
86,M,N,736.5223,52,61.2816,0.070602071,0.083203998
86,M,S,489.4815,53,55.83124,0.108277841,0.114062002
86,M,U,2685.3951,173,256.42193,0.06442255,0.095487599
86,U,N,21.6097,0,1.57163,0,0.072727988
86,U,S,5.1514,1,0.50005,0.194121986,0.097070699
86,U,U,74.1511,5,6.84274,0.067429883,0.092281032
87,F,N,469.1183,18,26.50848,0.038369853,0.056507026
87,F,S,168.8654,12,15.02544,0.071062515,0.088978796
87,F,U,1028.866,63,69.31483,0.061232464,0.067370124
87,M,N,748.4873,56,68.96318,0.074817569,0.09213674
87,M,S,411.6016,35,51.0793,0.085033683,0.124098886
87,M,U,2407.3706,225,253.2774,0.093462967,0.105209144
87,U,N,26.3485,1,2.06508,0.037952825,0.078375619
87,U,S,12.5543,0,1.49295,0,0.118919414
87,U,U,92.4632,6,8.24848,0.064890681,0.089208247
88,F,N,365.941,24,22.01402,0.065584343,0.060157293
88,F,S,154.6166,14,14.63906,0.090546552,0.094679743
88,F,U,1057.6211,76,78.98343,0.071859383,0.074680271
88,M,N,520.4153,45,51.51866,0.086469402,0.098995283
88,M,S,362.7106,47,48.30502,0.129579891,0.133177856
88,M,U,2202.2871,223,252.00874,0.101258369,0.114430466
88,U,N,15.6861,2,1.39767,0.127501418,0.089102454
88,U,S,7.3036,1,0.81229,0.13691878,0.111217756
88,U,U,76.9288,7,8.12502,0.09099323,0.105617402
89,F,N,331.7365,20,22.26345,0.060288814,0.067111849
89,F,S,137.3892,8,13.99769,0.05822874,0.101883481
89,F,U,870.4471,64,71.20884,0.073525433,0.0818072
89,M,N,465.241,54,51.93004,0.116068876,0.111619655
89,M,S,354.9776,47,50.9678,0.132402721,0.143580327
89,M,U,1961.5208,216,248.16909,0.110118639,0.126518714
89,U,N,19.0316,1,1.65249,0.05254419,0.086828748
89,U,S,7.8449,2,0.94861,0.254942702,0.120920598
89,U,U,56.9664,4,6.08737,0.07021683,0.106858955
90,F,N,271.5743,14,20.70024,0.05155127,0.076223118
90,F,S,123.5659,11,14.02336,0.089021324,0.113488916
90,F,U,842.5453,53,74.20337,0.06290463,0.088070481
90,M,N,320.9758,32,39.93218,0.09969599,0.124408694
90,M,S,345.985,31,53.55265,0.08959926,0.154783155
90,M,U,1587.7431,202,217.31506,0.127224612,0.136870417
90,U,N,9.9151,2,1.00608,0.201712539,0.101469476
90,U,S,4.863,0,0.72783,0,0.149666872
90,U,U,81.1824,3,9.60405,0.036953823,0.11830212
91,F,N,226.0776,23,18.24028,0.101734979,0.080681501
91,F,S,93.9241,7,11.0253,0.074528263,0.117385208
91,F,U,727.156,71,71.28377,0.097640671,0.098030918
91,M,N,255.8717,20,33.68566,0.078164174,0.131650589
91,M,S,274.6837,30,46.79674,0.109216528,0.170365915
91,M,U,1363.7438,188,203.04369,0.137855805,0.148886976
91,U,N,7.7688,1,0.85593,0.128720008,0.110175317
91,U,S,4.2927,0,0.75398,0,0.17564237
91,U,U,48.4055,11,6.6793,0.227246904,0.137986386
92,F,N,177.7677,20,16.22862,0.112506378,0.091291163
92,F,S,76.9608,6,9.65471,0.077961768,0.125449709
92,F,U,508.5402,76,53.22378,0.149447379,0.104659927
92,M,N,192.5435,16,27.5576,0.083098105,0.143124021
92,M,S,184.0922,21,33.63643,0.114073274,0.182715129
92,M,U,1305.9518,180,213.86433,0.137830508,0.163761274
92,U,N,8.3532,4,1.05802,0.478858402,0.126660442
92,U,S,3.8517,0,0.59812,0,0.155287276
92,U,U,63.3371,13,8.6148,0.205250951,0.136015069
93,F,N,115.4342,16,11.3178,0.138607103,0.098045467
93,F,S,72.486,7,10.0347,0.096570372,0.138436388
93,F,U,575.5275,73,65.34041,0.12684016,0.113531343
93,M,N,134.6138,21,21.32369,0.156001836,0.158406419
93,M,S,190.4752,24,37.3278,0.126000655,0.195971969
93,M,U,963.338,130,166.51345,0.134947443,0.172850495
93,U,N,1.6082,0,0.16402,0,0.101989802
93,U,S,0.8822,0,0.15337,0,0.173849467
93,U,U,47.6898,5,7.1733,0.104844222,0.150415812
94,F,N,81.1457,10,8.6209,0.123235119,0.106239764
94,F,S,55.6079,8,7.82527,0.143864451,0.140722271
94,F,U,405.031,51,49.7195,0.125916288,0.122754801
94,M,N,101.7979,10,17.47669,0.098233854,0.171680261
94,M,S,143.8887,28,30.14338,0.19459485,0.209490947
94,M,U,764.032,152,142.43532,0.198944547,0.186425857
94,U,N,2.9342,0,0.47712,0,0.162606503
94,U,S,2.5008,0,0.45357,0,0.181369962
94,U,U,34.2358,5,5.16465,0.146045952,0.150855245
95,F,N,50.6285,8,5.78022,0.158013767,0.114169292
95,F,S,30.7921,4,4.65569,0.129903449,0.151197547
95,F,U,344.3319,58,46.73546,0.168442134,0.135727942
95,M,N,64.7881,11,12.24003,0.169784266,0.188924046
95,M,S,128.3423,27,28.07717,0.210374911,0.218767858
95,M,U,601.1015,117,119.39448,0.194642669,0.198626155
95,U,N,4.1671,0,0.51481,0,0.123541552
95,U,S,2.7758,0,0.64552,0,0.232552778
95,U,U,24.3845,5,4.26007,0.205048289,0.174704013
96,F,N,38.9282,7,4.81562,0.179818229,0.12370518
96,F,S,23.3071,7,3.74787,0.300337665,0.160803789
96,F,U,252.0514,44,35.86895,0.174567568,0.142308077
96,M,N,62.0675,14,11.91833,0.225560881,0.192022073
96,M,S,62.7828,12,14.07567,0.191135152,0.224196277
96,M,U,474.542,95,100.69838,0.200193028,0.212201196
96,U,N,0.5069,0,0.07145,0,0.140954823
96,U,S,0.1671,0,0.02354,0,0.140873728
96,U,U,22.9323,4,4.09222,0.174426464,0.178447866
97,F,N,29.9611,2,4.0683,0.066753223,0.135786069
97,F,S,26.2345,2,4.0932,0.076235491,0.156023557
97,F,U,185.1082,27,28.81479,0.145860637,0.155664579
97,M,N,28.4421,6,6.17835,0.210954887,0.217225521
97,M,S,65.0147,15,16.11307,0.230717053,0.247837335
97,M,U,318.6734,52,70.54077,0.163176468,0.221357572
97,U,S,1,1,0.24966,1,0.24966
97,U,U,22.4272,4,4.60539,0.178354855,0.205348416
98,F,N,23.093,4,3.45823,0.173212662,0.149752306
98,F,S,13.8548,2,2.42693,0.144354303,0.175168895
98,F,U,120.2718,24,20.74926,0.199548024,0.172519743
98,M,N,17.1555,3,3.78748,0.174871033,0.220773513
98,M,S,51.9872,11,13.26046,0.211590545,0.255071633
98,M,U,231.2787,56,54.70484,0.242132112,0.236532115
98,U,N,0.4438,0,0.06884,0,0.155114917
98,U,S,0.7514,0,0.14702,0,0.195661432
98,U,U,5.7402,2,1.08774,0.348419916,0.18949514
99,F,N,10.4082,2,1.69412,0.192156185,0.162767818
99,F,S,9.6615,3,1.79871,0.31051079,0.186172955
99,F,U,89.0833,19,16.23486,0.213283522,0.182243585
99,M,N,9.2627,2,2.09789,0.215919764,0.226487957
99,M,S,26.316,4,6.70924,0.151998784,0.25494908
99,M,U,152.7201,31,37.66747,0.202985724,0.246643827
99,U,N,0.8712,1,0.21146,1,0.242722681
99,U,U,7.9206,3,1.66507,0.378759185,0.210220185
100,F,N,9.0761,3,1.53725,0.330538447,0.169373409
100,F,S,9.7714,1,2.12657,0.102339481,0.217632069
100,F,U,73.3421,12,14.42063,0.163616804,0.196621449
100,M,N,7.6519,1,1.97103,0.130686496,0.257587005
100,M,S,25.4027,7,6.85616,0.275561259,0.269898869
100,M,U,103.401,27,27.00333,0.261119332,0.261151536
100,U,U,3.0331,1,0.74637,0.329695691,0.246074973
101,F,N,3.5338,2,0.74052,0.565962986,0.209553455
101,F,S,4.7186,2,1.0639,0.423854533,0.225469419
101,F,U,36.2207,5,7.74362,0.138042611,0.213789905
101,M,N,3.5452,1,1.02634,0.282071533,0.289501298
101,M,S,12.7178,2,3.87081,0.157259903,0.304361603
101,M,U,72.2757,24,19.97438,0.332061813,0.276363702
101,U,U,1.7288,1,0.44451,0.578435909,0.257120546
102,F,N,2.4117,1,0.51839,0.414645271,0.214947962
102,F,S,3.8253,1,0.89908,0.261417405,0.235035161
102,F,U,27.3367,11,6.4814,0.402389462,0.237095187
102,M,N,1.2713,1,0.35528,0.786596397,0.279461968
102,M,S,7.7846,3,2.41041,0.385376256,0.30963826
102,M,U,25.9534,8,7.65755,0.308244777,0.295049974
103,F,N,1.0795,1,0.25407,0.926354794,0.235358962
103,F,S,1.2,0,0.27858,0,0.23215
103,F,U,15.8088,6,3.7744,0.379535449,0.2387531
103,M,N,0.9617,0,0.29109,0,0.302682749
103,M,S,2.1616,1,0.66425,0.462620281,0.307295522
103,M,U,12.39,3,3.58769,0.242130751,0.289563358
103,U,S,1,0,0.32083,0,0.32083
103,U,U,1.6329,1,0.47942,0.612407373,0.293600343
104,F,S,0.1288,0,0.02811,0,0.218245342
104,F,U,9.4127,1,2.54278,0.106239442,0.270143529
104,M,N,0.8712,0,0.25139,0,0.288556015
104,M,S,3.959,2,1.18331,0.505178075,0.298891134
104,M,U,15.1566,4,4.80423,0.263911431,0.316972804
105,F,U,7.9961,2,2.18397,0.250121934,0.273129401
105,M,N,0.011,0,0.00355,0,0.322727273
105,M,S,2.3863,0,0.81476,0,0.341432343
105,M,U,6.8358,0,2.35665,0,0.344751163
106,F,S,0.0438,0,0.01182,0,0.269863014
106,F,U,1.2227,0,0.35573,0,0.290938088
106,M,S,1,0,0.48156,0,0.48156
106,M,U,1.596,0,0.62308,0,0.390401003
107,F,N,0.8767,0,0.31115,0,0.35491046
107,F,S,1,1,0.38835,1,0.38835
107,F,U,2.0164,1,0.63899,0.495933347,0.316896449
107,M,U,3.6648,3,1.48706,0.818598559,0.405768391
107,U,U,0.2027,0,0.05468,0,0.269758263
108,F,S,0.7507,0,0.36999,0,0.492859997
108,F,U,0.6761,0,0.22828,0,0.337642361
108,M,N,0.9918,0,0.40329,0,0.406624319
108,M,U,3.3207,0,1.31619,0,0.396359201
109,F,U,0.8055,0,0.31281,0,0.388342644
109,M,U,0.9287,0,0.39956,0,0.430235814
110,F,U,0.8712,0,0.46133,0,0.529533976
110,M,U,0.6312,0,0.27153,0,0.430180608
